IDs,cellLabels,meanRate,medianRate
1,08262023_corl23_ck666_001,0.0873131406133787,0.0528307450363672
2,08262023_corl23_ck666_004,0.243098371961483,0.30550311592879
