IDs,cellLabels,meanRate,medianRate
1,08262023_corl23_ck689_001,1.07018086658586,0.844916468485502
2,08262023_corl23_ck689_002,0.210272241823387,0
