IDs,cellLabels,meanRate,medianRate
1,08262023_corl23_dmso_001,0.926496765955619,1.10300990839409
2,08262023_corl23_dmso_002,2.13845839644964,2.63837132394457
