ttest2 1 vs 2,ttest2 1 vs 3,ttest2 2 vs 3
0.352737153589037,0.15464984389913,0.390548382776712
