ttest2 1 vs 2,ttest2 1 vs 3,ttest2 2 vs 3
0.240187604232088,0.161732444259063,0.636536094108514
